{
  "summary": {
    "trials": 2,
    "epochs_per_trial": 120,
    "lr": 0.001,
    "l2_baseline_mean": 0.8122827330908051,
    "l2_baseline_std": 0.06653974698801668,
    "l2_surgery_mean": 0.4246537101479496,
    "l2_surgery_std": 0.01012099718145848,
    "improvement_percent_mean": 47.47052302726217,
    "improvement_percent_std": 3.0570616459914106
  },
  "trials_data": [
    {
      "trial": 1,
      "seed": 42,
      "l2_baseline": 0.7457429861027884,
      "l2_surgery": 0.41453271296649113,
      "max_baseline": 1.3398454704564513,
      "max_surgery": 0.8575696974228038,
      "improvement_percent": 44.41346138127076,
      "avg_conflicts_baseline": 3.4833333333333334,
      "avg_conflicts_surgery": 3.341666666666667,
      "train_time_baseline_sec": 2.3567519187927246,
      "train_time_surgery_sec": 2.0859270095825195
    },
    {
      "trial": 2,
      "seed": 43,
      "l2_baseline": 0.8788224800788218,
      "l2_surgery": 0.4347747073294081,
      "max_baseline": 1.5496239570944579,
      "max_surgery": 0.8842851892601271,
      "improvement_percent": 50.52758467325358,
      "avg_conflicts_baseline": 2.9916666666666667,
      "avg_conflicts_surgery": 3.625,
      "train_time_baseline_sec": 2.057399034500122,
      "train_time_surgery_sec": 1.8733561038970947
    }
  ]
}