{
  "n_cells": [
    3,
    4,
    6,
    8
  ],
  "n_nodes": [
    64,
    125,
    343,
    729
  ],
  "n_elements": [
    162,
    384,
    1296,
    3072
  ],
  "best_tau_y_err": [
    0.0014992044761630297,
    0.0005099900210803199,
    0.0007628176768026407,
    9.708337613822948e-05
  ],
  "final_tau_y": [
    0.5000092099943808,
    0.5000560237082684,
    0.5000354804226442,
    0.5000324754763423
  ]
}