{
  "H_kin": 0.0,
  "strain": [
    0.002,
    0.004,
    0.006,
    0.008,
    0.01,
    0.012,
    0.014,
    0.016,
    0.018000000000000002,
    0.020000000000000004,
    0.022000000000000006,
    0.024000000000000007,
    0.02600000000000001,
    0.02800000000000001,
    0.030000000000000013,
    0.032000000000000015,
    0.034000000000000016,
    0.03600000000000002,
    0.03800000000000002,
    0.04000000000000002,
    0.04200000000000002,
    0.044000000000000025,
    0.04600000000000003,
    0.04800000000000003,
    0.05000000000000003,
    0.05200000000000003,
    0.054000000000000034,
    0.056000000000000036,
    0.05800000000000004,
    0.06000000000000004,
    0.06200000000000004,
    0.06400000000000004,
    0.06600000000000004,
    0.06800000000000005,
    0.07000000000000005,
    0.07200000000000005,
    0.07400000000000005,
    0.07600000000000005,
    0.07800000000000006,
    0.08000000000000006,
    0.08200000000000006,
    0.08400000000000006,
    0.08600000000000006,
    0.08800000000000006,
    0.09000000000000007,
    0.09200000000000007,
    0.09400000000000007,
    0.09600000000000007,
    0.09800000000000007,
    0.10000000000000007,
    0.10200000000000008,
    0.10400000000000008,
    0.10600000000000008,
    0.10800000000000008,
    0.11000000000000008,
    0.11200000000000009,
    0.11400000000000009,
    0.11600000000000009,
    0.11800000000000009,
    0.12000000000000009,
    0.11800000000000009,
    0.11600000000000009,
    0.11400000000000009,
    0.11200000000000009,
    0.11000000000000008,
    0.10800000000000008,
    0.10600000000000008,
    0.10400000000000008,
    0.10200000000000008,
    0.10000000000000007,
    0.09800000000000007,
    0.09600000000000007,
    0.09400000000000007,
    0.09200000000000007,
    0.09000000000000007,
    0.08800000000000006,
    0.08600000000000006,
    0.08400000000000006,
    0.08200000000000006,
    0.08000000000000006,
    0.07800000000000006,
    0.07600000000000005,
    0.07400000000000005,
    0.07200000000000005,
    0.07000000000000005,
    0.06800000000000005,
    0.06600000000000004,
    0.06400000000000004,
    0.06200000000000004,
    0.06000000000000004,
    0.05800000000000004,
    0.056000000000000036,
    0.054000000000000034,
    0.05200000000000003,
    0.05000000000000003,
    0.04800000000000003,
    0.04600000000000003,
    0.044000000000000025,
    0.04200000000000002,
    0.04000000000000002,
    0.03800000000000002,
    0.03600000000000002,
    0.034000000000000016,
    0.032000000000000015,
    0.030000000000000013,
    0.02800000000000001,
    0.02600000000000001,
    0.024000000000000007,
    0.022000000000000006,
    0.020000000000000004,
    0.018000000000000002,
    0.016,
    0.014,
    0.012,
    0.01,
    0.008,
    0.006,
    0.004,
    0.002,
    0.0,
    -0.002,
    -0.004,
    -0.006,
    -0.008,
    -0.01,
    -0.012,
    -0.014,
    -0.016,
    -0.018000000000000002,
    -0.020000000000000004,
    -0.022000000000000006,
    -0.024000000000000007,
    -0.02600000000000001,
    -0.02800000000000001,
    -0.030000000000000013,
    -0.032000000000000015,
    -0.034000000000000016,
    -0.03600000000000002,
    -0.03800000000000002,
    -0.04000000000000002,
    -0.04200000000000002,
    -0.044000000000000025,
    -0.04600000000000003,
    -0.04800000000000003,
    -0.05000000000000003,
    -0.05200000000000003,
    -0.054000000000000034,
    -0.056000000000000036,
    -0.05800000000000004,
    -0.06000000000000004,
    -0.06200000000000004,
    -0.06400000000000004,
    -0.06600000000000004,
    -0.06800000000000005,
    -0.07000000000000005,
    -0.07200000000000005,
    -0.07400000000000005,
    -0.07600000000000005,
    -0.07800000000000006,
    -0.08000000000000006,
    -0.08200000000000006,
    -0.08400000000000006,
    -0.08600000000000006,
    -0.08800000000000006,
    -0.09000000000000007,
    -0.09200000000000007,
    -0.09400000000000007,
    -0.09600000000000007,
    -0.09800000000000007,
    -0.10000000000000007,
    -0.10200000000000008,
    -0.10400000000000008,
    -0.10600000000000008,
    -0.10800000000000008,
    -0.11000000000000008,
    -0.11200000000000009,
    -0.11400000000000009,
    -0.11600000000000009,
    -0.11800000000000009,
    -0.12000000000000009,
    -0.11800000000000009,
    -0.11600000000000009,
    -0.11400000000000009,
    -0.11200000000000009,
    -0.11000000000000008,
    -0.10800000000000008,
    -0.10600000000000008,
    -0.10400000000000008,
    -0.10200000000000008,
    -0.10000000000000007,
    -0.09800000000000007,
    -0.09600000000000007,
    -0.09400000000000007,
    -0.09200000000000007,
    -0.09000000000000007,
    -0.08800000000000006,
    -0.08600000000000006,
    -0.08400000000000006,
    -0.08200000000000006,
    -0.08000000000000006,
    -0.07800000000000006,
    -0.07600000000000005,
    -0.07400000000000005,
    -0.07200000000000005,
    -0.07000000000000005,
    -0.06800000000000005,
    -0.06600000000000004,
    -0.06400000000000004,
    -0.06200000000000004,
    -0.06000000000000004,
    -0.05800000000000004,
    -0.056000000000000036,
    -0.054000000000000034,
    -0.05200000000000003,
    -0.05000000000000003,
    -0.04800000000000003,
    -0.04600000000000003,
    -0.044000000000000025,
    -0.04200000000000002,
    -0.04000000000000002,
    -0.03800000000000002,
    -0.03600000000000002,
    -0.034000000000000016,
    -0.032000000000000015,
    -0.030000000000000013,
    -0.02800000000000001,
    -0.02600000000000001,
    -0.024000000000000007,
    -0.022000000000000006,
    -0.020000000000000004,
    -0.018000000000000002,
    -0.016,
    -0.014,
    -0.012,
    -0.01,
    -0.008,
    -0.006,
    -0.004,
    -0.002,
    0.0
  ],