{
  "n_cells": [
    3,
    4,
    6,
    8
  ],
  "n_nodes": [
    64,
    125,
    343,
    729
  ],
  "n_elements": [
    162,
    384,
    1296,
    3072
  ],
  "best_tau_y_err": [
    0.0007431654007405974,
    0.00032457700283039514,
    0.0011659737691349648,
    13.46086174454133
  ],
  "final_tau_y": [
    0.5000127582134624,
    0.5000555782461877,
    0.500026013202262,
    0.6434900724278311
  ]
}