{
  "noise_std": [
    0.0,
    0.01,
    0.05,
    0.1,
    0.2
  ],
  "best_tau_y_err": [
    [
      3.7983976663991115e-05,
      3.7983976663991115e-05,
      3.7983976663991115e-05
    ],
    [
      0.000650351886744005,
      0.022680761457793963,
      0.03552249481407754
    ],
    [
      0.07259903632345077,
      0.8230833496943535,
      0.42397311656859893
    ],
    [
      0.08185125233435286,
      1.4126275748911676,
      0.22961462843558156
    ],
    [
      0.8252182978139344,
      1.4934653056545288,
      0.31940417765004003
    ]
  ],
  "final_tau_y": [
    0.5000039029729515,
    0.5027307157302621,
    0.513346529376386,
    0.5260091770335269,
    0.5494363335988781
  ],
  "n_trials": 3
}