{
  "problem": {
    "E": 200.0,
    "nu": 0.3,
    "tau_y_true": 0.5,
    "n_cells": 4,
    "eps_max": 0.08,
    "n_steps": 5,
    "n_sensors": 20,
    "n_iters": 100,
    "lr": 0.05,
    "eps_start": 0.08,
    "eps_end": 0.08,
    "tau_y_init": 1.0,
    "fd_delta": 0.0001
  },
  "autograd": {
    "final_tau_y": 0.49876943608479973,
    "error_pct": 0.24611278304005335,
    "wall_time_s": 32.51,
    "loss_history": [
      0.05483298204165323,
      0.049670248394715004,
      0.04473731748960272,
      0.04004373241724769,
      0.03559860542278573,
      0.0314103932431162,
      0.027486660123745954,
      0.023833833137530624,
      0.020456954372390722,
      0.017359435330644133,
      0.014542820263194273,
      0.012006566862262057,
      0.009747854486844464,
      0.007761431591331356,
      0.006039514975153821,
      0.004571753588203673,
      0.0033452685923371856,
      0.0023447790064481133,
      0.001552818425026723,
      0.0009500430938751197,
      0.0005156253625519182,
      0.00022771976731591624,
      6.398249231288063e-05,
      2.1195517494859167e-06,
      2.0435552282720604e-05,
      9.835390010257872e-05,
      0.0002168810559935769,
      0.0003589917355068296,
      0.0005099182309481122,
      0.0006573344661728583,
      0.000791433048306277,
      0.000904900587454442,
      0.0009928022740486849,
      0.0010523907577844472,
      0.001082856689743541,
      0.0010850390091097703,
      0.0010611124759443043,
      0.0010142684343056047,
      0.0009484026781307413,
      0.0008678218872858645,
      0.000776977630901187,
      0.0006802345395651733,
      0.0005816770206076458,
      0.00048495686524658373,
      0.00039318229137532996,
      0.00030884737139580957,
      0.00023379941729269479,
      0.0001692407305823434,
      0.00011576018504597167,
      7.338940396497026e-05,
      4.167783991613042e-05,
      1.9780868600016305e-05,
      6.555073973668953e-06,
      6.552174269412589e-07,
      6.279269585701174e-07,
      4.997872973006029e-06,
      1.2343069434753308e-05,
      2.1356894371601566e-05,
      3.0895403745335025e-05,
      4.000946010587135e-05,
      4.796206153425173e-05,
      5.4231996449854354e-05,
      5.8505537270795565e-05,
      6.0658304987421075e-05,
      6.072968409131996e-05,
      5.889225069016435e-05,
      5.541861251407062e-05,
      5.064787085278016e-05,
      4.495362827326426e-05,
      3.8715111102230055e-05,
      3.229258085664003e-05,
      2.6007801217051313e-05,
      2.0129931046254338e-05,
      1.4866849971047922e-05,
      1.0361607465073074e-05,
      6.693430936374399e-06,
      3.882539998994085e-06,
      1.8978953675598419e-06,
      6.669598065131916e-07,
      8.655978613186337e-08,
      3.4001362011221715e-08,
      3.7770152355654953e-07,
      9.867347107068182e-07,
      1.7388507956073568e-06,
      2.5266833759998837e-06,
      3.2620246685799634e-06,
      3.8781862819075756e-06,
      4.3305864715602134e-06,
      4.595799262848683e-06,
      4.669366563829046e-06,
      4.562710823632817e-06,
      4.299494618432518e-06,
      3.911758067519824e-06,
      3.436129657999775e-06,
      2.910356067528215e-06,
      2.370337357528498e-06,
      1.8477907906552204e-06,
      1.3686043457091371e-06,
      9.518838724844478e-07,
      6.096489483730198e-07
    ],
    "tau_y_history": [
      0.9999999999999999,
      0.9688719498669092,
      0.9383797278400444,
      0.9085605491271546,
      0.879451469192329,
      0.8510892422310187,
      0.8235101533049847,
      0.7967498249016362,
      0.7708429989663724,
      0.7458232954148057,
      0.7217229480393061,
      0.6985725188032565,
      0.6764005919277603,
      0.6552334500286867,
      0.6350947359080887,
      0.6160051054350562,
      0.5979818791630271,
      0.5810387027302272,
      0.5651852283682284,
      0.5504268316121346,
      0.536764378132979,
      0.524194055107967,
      0.5127072794505754,
      0.5022906915079403,
      0.49292623774753214,
      0.48459134002850063,
      0.47725914301937294,
      0.47089882599453986,
      0.4654759613423875,
      0.46095290014481055,
      0.45728916532585523,
      0.4544418349720159,
      0.4523659020853376,
      0.4510146016678782,
      0.4503397010292127,
      0.4502917539926112,
      0.45082032380573134,
      0.45187418274349234,
      0.45340149847569927,
      0.4553500182306273,
      0.4576672616770368,
      0.4603007323889438,
      0.4631981559012632,
      0.46630774988272355,
      0.4695785290289718,
      0.4729606441082562,
      0.4764057513728988,
      0.4798674054844694,
      0.48330146638515153,
      0.48666650836298636,
      0.48992421805482583,
      0.4930397674168466,
      0.4959821478214901,
      0.49872445240415897,
      0.5012440955102074,
      0.5035229604566392,
      0.5055474696474903,
      0.5073085741672158,
      0.5088016631125247,
      0.5100263959119267,
      0.5109864635537079,
      0.5116892868672399,
      0.5121456616960242,
      0.5123693619275853,
      0.5123767119121416,
      0.5121861398512707,
      0.5118177233376385,
      0.5112927374610652,
      0.5106332148549481,
      0.509861525829204,
      0.5089999854031936,
      0.5080704926855795,
      0.507094206706104,
      0.506091261532167,
      0.5050805223336959,
      0.5040793830148641,
      0.5031036051228363,
      0.5021671969761586,
      0.5012823313265617,
      0.5004592993708531,
      0.4997064985536537,
      0.49903045133389795,
      0.4984358519136391,
      0.49792563783149985,
      0.4975010832899186,
      0.49716191110083807,
      0.4969064201857591,
      0.4967316256421885,
      0.49663340848075865,
      0.49660667223950317,
      0.4966455037902394,
      0.49674333576540436,
      0.4968931081526982,
      0.49708742673178946,
      0.4973187161654094,
      0.4975793657101549,
      0.497861865683737,
      0.4981589330180749,
      0.4984636244431345,
      0.49876943608479973
    ],